task_id,output,status,evidence
D1-01,README.md,document_completed,"../../README.md; thesis warnings navigation schedule rubric and submission boundaries authored; not external verification"
D1-02,AGENTS.md,document_completed,"Created after explicit user authorization; approved write succeeded; independent verifier confirms presence"
D1-03,docs/day01/problem-brief.md,document_completed,"problem-brief.md; adult persona hypotheses PA-01 through PA-06 and fictional S-01 through S-03"
D1-04,docs/day01/scope-and-acceptance.md,document_completed,"scope-and-acceptance.md; FR-01 through FR-12 and INV-01 through INV-11; Day 1 gate separate from NOT RUN product targets"
D1-05,docs/decisions/ADR-001-project-selection.md,document_completed,"../decisions/ADR-001-project-selection.md; eight alternatives hybrid competitor correction and reopen triggers"
D1-06,docs/day01/eligibility-and-rules.md,document_completed,"eligibility-and-rules.md; inherited-rule provenance three status categories and eligibility stop gate"
D1-07,docs/day01/organizer-email-draft.md,document_completed,"organizer-email-draft.md; complete listed-contact draft marked NOT SENT"
D1-08,docs/day01/interview-guide.md,document_completed,"interview-guide.md; adult fictional-case consent ten questions blank notes privacy and falsification signals"
D1-09,docs/day01/risk-register.csv,document_completed,"risk-register.csv; distinct risks with severity evidence mitigation trigger and unassigned owner roles"
D1-10,docs/day01/backlog.csv,document_completed,"backlog.csv; authored documents separated from external validation and approval blockers"
D1-11,docs/day01/review.md,document_completed,"review.md; self-critique per deliverable pending acceptance and exact structural verification record"
D1-12,Local structural verification,verification_recorded_in_review,"verify_pack.py and review.md; local-only check; all eleven required documents now present; structural verification passes; not application tests"
D1-13,Human eligibility confirmation,external_validation_pending,"eligibility-and-rules.md ER-03 ER-04 ER-05; no age student geography team or guardian confirmation supplied"
D1-14,Organizer clarification and authorized contact,external_validation_pending,"organizer-email-draft.md NOT SENT; UTC video repo/PDF team reuse AI and guardian questions unanswered"
D1-15,Adult recruitment and discovery observations,external_validation_pending,"interview-guide.md; target not achieved; no session notes or observed outcomes supplied"
D1-16,Independent scenario and annotation review availability,external_validation_pending,"risk-register.csv R-07; reviewer not secured; no clinical endorsement or independent labels"
D1-17,Direct novelty and workflow validation,external_validation_pending,"../decisions/ADR-001-project-selection.md; vendor claims inherited from plan only; later discovery not performed"
D1-18,Parent review and protected-file resolution,document_review_completed,"parent-review.md; user-authorized AGENTS.md created; independent document verification passed; external research and eligibility remain pending"
