id,name,category,primary_user,source_grounding,revision_handling,acknowledgement_invalidation,targeted_rehearsal,caregiver_coordination,evidence_ids,evidence_level,limitations
C01,Corti Patient Discharge Education Agent,direct discharge education,clinical teams; patients and caregivers,advertised: source-constrained outputs; exact UI anchors untested [S08],advertised: change summaries; source replacement semantics not_documented [S08],not_documented: dependent acknowledgements [S08],not_documented: change-triggered rehearsal [S08],advertised: caregiver wording and checklists; shared ownership not_documented [S08],S08,advertised,Public page/prompt only; no execution; source fidelity unknown
C02,Saana,direct sourced education,providers; patients; caregivers,advertised: sourced passages and outputs [S09],advertised: versioned outputs; replacement semantics unknown [S09],not_documented: affected caregiver acknowledgements [S09],advertised: quizzes; revision-targeted regeneration not_documented [S09],advertised: caregiver audience; shared task ownership not_documented [S09],S09,advertised,Public landing page only; safety/outcome claims unverified
C03,EHRTutor,adjacent research education,patients,documented: questions from discharge instructions; exact anchors unknown [S10],not_documented: source revision handling in abstract [S10],not_documented: acknowledgement invalidation in abstract [S10],documented: conversational questions; revision targeting unknown [S10],not_documented: caregiver task handoff in abstract [S10],S10,documented,Abstract only; author-reported evaluation not independently assessed
C04,Carionex,adjacent professional care planning,home-care agencies; professional carers,advertised: immutable plan snapshots; imported quote anchors not_documented [S06],advertised: version bumps and change comparison [S06],advertised: changed plan prompts reread/sign; task-scoped invalidation unknown [S06],not_documented: source-dependent rehearsal [S06],advertised: assigned carers review current plan [S06],S06,advertised,Closest revision competitor; no live tests of race semantics
C05,Rostera,adjacent professional care records,care providers; professional carers; families,advertised: plans linked to visit tasks; exact source anchors unknown [S07],advertised: plan versions and review sign-off [S07],not_documented: post-change dependent invalidation [S07],not_documented: targeted rehearsal [S07],advertised: role tasks and handovers; family portal [S07],S07,advertised,Page only; sign-off is not demonstrated revision invalidation
C06,ianacare,adjacent family coordination,family caregivers and supporters,not_documented: source quote links [S11],not_documented: source-dependent revisions [S11],not_documented: source-bound invalidation [S11],not_documented: revision-targeted rehearsal [S11],advertised: calendar; delegated tasks; shared updates [S11],S11,advertised,Organizer page only; unseen capabilities unknown
C07,Lotsa Helping Hands,adjacent volunteer coordination,family coordinator and volunteers,not_documented: source quote links [S12],not_documented: source-dependent revisions [S12],not_documented: source-bound invalidation [S12],not_documented: revision-targeted rehearsal [S12],advertised: activity sign-up and transport reminders [S12],S12,advertised,Who-should-create page only; confirmations not revision acknowledgements
C08,MayaRED,direct discharge education,patients and hospital teams,advertised: discharge plan education; exact anchors unknown [S13],advertised: change education; replacement relationships not_documented [S13],not_documented: caregiver-dependent invalidation [S13],advertised: teach-back; change-triggered regeneration unknown [S13],advertised: follow-up support; caregiver ownership not_documented [S13],S13,advertised,Vendor page only; reported outcome magnitudes not adopted
B01,Plain documents plus shared checklist,baseline,fictional caregiver pair,design_baseline: retain original text; manually record quote location,design_baseline: compare labeled copies manually,design_baseline: explicit manual rereview request and dated sign-off,design_baseline: human asks changed-detail/source question,design_baseline: task owner and status in shared list,N/A,design_baseline,Authored comparator protocol; not empirical evidence of common practice
